<?xml version="1.0" encoding="UTF-8"?>
<project-private xmlns="http://www.netbeans.org/ns/project-private/1">
    <editor-bookmarks xmlns="http://www.netbeans.org/ns/editor-bookmarks/2" lastBookmarkId="0"/>
    <open-files xmlns="http://www.netbeans.org/ns/projectui-open-files/2">
        <group>
            <file>file:/C:/Users/dahar/OneDrive/Documents/NetBeansProjects/servgenericdemo/web/WEB-INF/web.xml</file>
            <file>file:/C:/Users/dahar/OneDrive/Documents/NetBeansProjects/servgenericdemo/web/index.jsp</file>
            <file>file:/C:/Users/dahar/OneDrive/Documents/NetBeansProjects/servgenericdemo/src/java/com/learn/hellogen.java</file>
        </group>
    </open-files>
</project-private>
